[ {
  "@id" : "http://schema.org/AdministrativeArea",
  "@type" : [ "http://www.w3.org/2002/07/owl#Class" ],
  "http://www.w3.org/2000/01/rdf-schema#subClassOf" : [ {
    "@id" : "http://schema.org/Place"
  } ]
}, {
  "@id" : "http://schema.org/BarOrPub",
  "@type" : [ "http://www.w3.org/2002/07/owl#Class" ],
  "http://www.w3.org/2000/01/rdf-schema#subClassOf" : [ {
    "@id" : "http://schema.org/FoodEstablishment"
  }, {
    "@id" : "https://raw.githubusercontent.com/tannineo/cs7is1-knd-project/master/chao_ontology.ttl#Activity"
  } ],
  "http://www.w3.org/2002/07/owl#disjointWith" : [ {
    "@id" : "http://schema.org/GolfCourse"
  } ]
}, {
  "@id" : "http://schema.org/CivicStructure",
  "@type" : [ "http://www.w3.org/2002/07/owl#Class" ],
  "http://www.w3.org/2000/01/rdf-schema#subClassOf" : [ {
    "@id" : "http://schema.org/Place"
  } ]
}, {
  "@id" : "http://schema.org/Country",
  "@type" : [ "http://www.w3.org/2002/07/owl#Class" ],
  "http://www.w3.org/2000/01/rdf-schema#subClassOf" : [ {
    "@id" : "http://schema.org/AdministrativeArea"
  } ]
}, {
  "@id" : "http://schema.org/FoodEstablishment",
  "@type" : [ "http://www.w3.org/2002/07/owl#Class" ],
  "http://www.w3.org/2000/01/rdf-schema#subClassOf" : [ {
    "@id" : "http://schema.org/LocalBusiness"
  } ]
}, {
  "@id" : "http://schema.org/GeoCoordinates",
  "@type" : [ "http://www.w3.org/2002/07/owl#Class" ],
  "http://www.w3.org/2000/01/rdf-schema#subClassOf" : [ {
    "@id" : "http://schema.org/StructuredValue"
  } ]
}, {
  "@id" : "http://schema.org/GolfCourse",
  "@type" : [ "http://www.w3.org/2002/07/owl#Class" ],
  "http://www.w3.org/2000/01/rdf-schema#subClassOf" : [ {
    "@id" : "http://schema.org/SportsActivityLocation"
  }, {
    "@id" : "https://raw.githubusercontent.com/tannineo/cs7is1-knd-project/master/chao_ontology.ttl#Activity"
  } ],
  "http://www.w3.org/2002/07/owl#disjointWith" : [ {
    "@id" : "http://schema.org/Restaurant"
  } ]
}, {
  "@id" : "http://schema.org/Intangible",
  "@type" : [ "http://www.w3.org/2002/07/owl#Class" ],
  "http://www.w3.org/2000/01/rdf-schema#subClassOf" : [ {
    "@id" : "http://schema.org/Thing"
  } ]
}, {
  "@id" : "http://schema.org/LocalBusiness",
  "@type" : [ "http://www.w3.org/2002/07/owl#Class" ],
  "http://www.w3.org/2000/01/rdf-schema#subClassOf" : [ {
    "@id" : "http://schema.org/Place"
  } ]
}, {
  "@id" : "http://schema.org/Park",
  "@type" : [ "http://www.w3.org/2002/07/owl#Class" ],
  "http://www.w3.org/2000/01/rdf-schema#subClassOf" : [ {
    "@id" : "http://schema.org/CivicStructure"
  } ],
  "http://www.w3.org/2002/07/owl#disjointWith" : [ {
    "@id" : "http://schema.org/Playground"
  }, {
    "@id" : "https://raw.githubusercontent.com/tannineo/cs7is1-knd-project/master/chao_ontology.ttl#Pitch"
  } ]
}, {
  "@id" : "http://schema.org/ParkingFacility",
  "@type" : [ "http://www.w3.org/2002/07/owl#Class" ],
  "http://www.w3.org/2000/01/rdf-schema#subClassOf" : [ {
    "@id" : "http://schema.org/CivicStructure"
  } ]
}, {
  "@id" : "http://schema.org/Place",
  "@type" : [ "http://www.w3.org/2002/07/owl#Class" ],
  "http://www.w3.org/2000/01/rdf-schema#subClassOf" : [ {
    "@id" : "http://schema.org/Thing"
  } ]
}, {
  "@id" : "http://schema.org/Playground",
  "@type" : [ "http://www.w3.org/2002/07/owl#Class" ],
  "http://www.w3.org/2000/01/rdf-schema#subClassOf" : [ {
    "@id" : "http://schema.org/CivicStructure"
  } ],
  "http://www.w3.org/2002/07/owl#disjointWith" : [ {
    "@id" : "https://raw.githubusercontent.com/tannineo/cs7is1-knd-project/master/chao_ontology.ttl#Pitch"
  } ]
}, {
  "@id" : "http://schema.org/Restaurant",
  "@type" : [ "http://www.w3.org/2002/07/owl#Class" ],
  "http://www.w3.org/2000/01/rdf-schema#subClassOf" : [ {
    "@id" : "http://schema.org/FoodEstablishment"
  }, {
    "@id" : "https://raw.githubusercontent.com/tannineo/cs7is1-knd-project/master/chao_ontology.ttl#Activity"
  } ]
}, {
  "@id" : "http://schema.org/SportsActivityLocation",
  "@type" : [ "http://www.w3.org/2002/07/owl#Class" ],
  "http://www.w3.org/2000/01/rdf-schema#subClassOf" : [ {
    "@id" : "http://schema.org/LocalBusiness"
  } ]
}, {
  "@id" : "http://schema.org/StructuredValue",
  "@type" : [ "http://www.w3.org/2002/07/owl#Class" ],
  "http://www.w3.org/2000/01/rdf-schema#subClassOf" : [ {
    "@id" : "http://schema.org/Intangible"
  } ]
}, {
  "@id" : "http://schema.org/Thing",
  "@type" : [ "http://www.w3.org/2002/07/owl#Class" ],
  "http://www.w3.org/2000/01/rdf-schema#subClassOf" : [ {
    "@id" : "http://www.w3.org/2002/07/owl#Thing"
  } ]
}, {
  "@id" : "http://schema.org/address",
  "@type" : [ "http://www.w3.org/2002/07/owl#DatatypeProperty" ],
  "http://www.w3.org/2000/01/rdf-schema#domain" : [ {
    "@id" : "http://schema.org/Place"
  } ],
  "http://www.w3.org/2000/01/rdf-schema#range" : [ {
    "@id" : "http://www.w3.org/2001/XMLSchema#string"
  } ],
  "http://www.w3.org/2000/01/rdf-schema#subPropertyOf" : [ {
    "@id" : "http://www.w3.org/2002/07/owl#topDataProperty"
  } ]
}, {
  "@id" : "http://schema.org/containsPlace",
  "@type" : [ "http://www.w3.org/2002/07/owl#ObjectProperty", "http://www.w3.org/2002/07/owl#TransitiveProperty" ],
  "http://www.w3.org/2000/01/rdf-schema#domain" : [ {
    "@id" : "http://schema.org/Place"
  } ],
  "http://www.w3.org/2000/01/rdf-schema#range" : [ {
    "@id" : "http://schema.org/Place"
  } ],
  "http://www.w3.org/2000/01/rdf-schema#subPropertyOf" : [ {
    "@id" : "http://www.w3.org/2002/07/owl#topObjectProperty"
  } ]
}, {
  "@id" : "http://schema.org/geo",
  "@type" : [ "http://www.w3.org/2002/07/owl#ObjectProperty" ],
  "http://www.w3.org/2000/01/rdf-schema#domain" : [ {
    "@id" : "http://schema.org/Place"
  } ],
  "http://www.w3.org/2000/01/rdf-schema#range" : [ {
    "@id" : "http://schema.org/GeoCoordinates"
  } ],
  "http://www.w3.org/2000/01/rdf-schema#subPropertyOf" : [ {
    "@id" : "http://www.w3.org/2002/07/owl#topObjectProperty"
  } ]
}, {
  "@id" : "http://schema.org/identifier",
  "@type" : [ "http://www.w3.org/2002/07/owl#DatatypeProperty" ],
  "http://www.w3.org/2000/01/rdf-schema#domain" : [ {
    "@id" : "http://schema.org/Place"
  } ],
  "http://www.w3.org/2000/01/rdf-schema#range" : [ {
    "@id" : "http://www.w3.org/2001/XMLSchema#int"
  } ],
  "http://www.w3.org/2000/01/rdf-schema#subPropertyOf" : [ {
    "@id" : "http://www.w3.org/2002/07/owl#topDataProperty"
  } ]
}, {
  "@id" : "http://schema.org/latitude",
  "@type" : [ "http://www.w3.org/2002/07/owl#DatatypeProperty" ],
  "http://www.w3.org/2000/01/rdf-schema#domain" : [ {
    "@id" : "http://schema.org/GeoCoordinates"
  } ],
  "http://www.w3.org/2000/01/rdf-schema#range" : [ {
    "@id" : "http://www.w3.org/2001/XMLSchema#float"
  } ],
  "http://www.w3.org/2000/01/rdf-schema#subPropertyOf" : [ {
    "@id" : "http://www.w3.org/2002/07/owl#topDataProperty"
  } ]
}, {
  "@id" : "http://schema.org/longitude",
  "@type" : [ "http://www.w3.org/2002/07/owl#DatatypeProperty" ],
  "http://www.w3.org/2000/01/rdf-schema#domain" : [ {
    "@id" : "http://schema.org/GeoCoordinates"
  } ],
  "http://www.w3.org/2000/01/rdf-schema#range" : [ {
    "@id" : "http://www.w3.org/2001/XMLSchema#float"
  } ],
  "http://www.w3.org/2000/01/rdf-schema#subPropertyOf" : [ {
    "@id" : "http://www.w3.org/2002/07/owl#topDataProperty"
  } ]
}, {
  "@id" : "http://schema.org/name",
  "@type" : [ "http://www.w3.org/2002/07/owl#DatatypeProperty" ],
  "http://www.w3.org/2000/01/rdf-schema#domain" : [ {
    "@id" : "http://schema.org/Thing"
  } ],
  "http://www.w3.org/2000/01/rdf-schema#range" : [ {
    "@id" : "http://www.w3.org/2001/XMLSchema#string"
  } ],
  "http://www.w3.org/2000/01/rdf-schema#subPropertyOf" : [ {
    "@id" : "http://www.w3.org/2002/07/owl#topDataProperty"
  } ]
}, {
  "@id" : "http://schema.org/openingHours",
  "@type" : [ "http://www.w3.org/2002/07/owl#DatatypeProperty" ],
  "http://www.w3.org/2000/01/rdf-schema#domain" : [ {
    "@id" : "http://schema.org/CivicStructure"
  } ],
  "http://www.w3.org/2000/01/rdf-schema#range" : [ {
    "@id" : "http://www.w3.org/2001/XMLSchema#string"
  } ],
  "http://www.w3.org/2000/01/rdf-schema#subPropertyOf" : [ {
    "@id" : "http://www.w3.org/2002/07/owl#topDataProperty"
  } ]
}, {
  "@id" : "http://schema.org/telephone",
  "@type" : [ "http://www.w3.org/2002/07/owl#DatatypeProperty" ],
  "http://www.w3.org/2000/01/rdf-schema#domain" : [ {
    "@id" : "http://schema.org/Place"
  } ],
  "http://www.w3.org/2000/01/rdf-schema#range" : [ {
    "@id" : "http://www.w3.org/2001/XMLSchema#string"
  } ],
  "http://www.w3.org/2000/01/rdf-schema#subPropertyOf" : [ {
    "@id" : "http://www.w3.org/2002/07/owl#topDataProperty"
  } ]
}, {
  "@id" : "http://schema.org/url",
  "@type" : [ "http://www.w3.org/2002/07/owl#DatatypeProperty" ],
  "http://www.w3.org/2000/01/rdf-schema#domain" : [ {
    "@id" : "http://schema.org/Thing"
  } ],
  "http://www.w3.org/2000/01/rdf-schema#range" : [ {
    "@id" : "http://www.w3.org/2001/XMLSchema#string"
  } ],
  "http://www.w3.org/2000/01/rdf-schema#subPropertyOf" : [ {
    "@id" : "http://www.w3.org/2002/07/owl#topDataProperty"
  } ]
}, {
  "@id" : "https://raw.githubusercontent.com/tannineo/cs7is1-knd-project/master/chao_ontology.ttl#",
  "@type" : [ "http://www.w3.org/2002/07/owl#Ontology" ],
  "http://www.w3.org/2000/01/rdf-schema#comment" : [ {
    "@value" : "The group project of CS7IS1 Knowledge and Data Engineering"
  } ]
}, {
  "@id" : "https://raw.githubusercontent.com/tannineo/cs7is1-knd-project/master/chao_ontology.ttl#Activity",
  "@type" : [ "http://www.w3.org/2002/07/owl#Class" ],
  "http://www.w3.org/2000/01/rdf-schema#subClassOf" : [ {
    "@id" : "http://schema.org/Place"
  } ]
}, {
  "@id" : "https://raw.githubusercontent.com/tannineo/cs7is1-knd-project/master/chao_ontology.ttl#County",
  "@type" : [ "http://www.w3.org/2002/07/owl#Class" ],
  "http://www.w3.org/2000/01/rdf-schema#subClassOf" : [ {
    "@id" : "http://schema.org/AdministrativeArea"
  } ]
}, {
  "@id" : "https://raw.githubusercontent.com/tannineo/cs7is1-knd-project/master/chao_ontology.ttl#Pitch",
  "@type" : [ "http://www.w3.org/2002/07/owl#Class" ],
  "http://www.w3.org/2000/01/rdf-schema#subClassOf" : [ {
    "@id" : "http://schema.org/CivicStructure"
  } ]
}, {
  "@id" : "https://raw.githubusercontent.com/tannineo/cs7is1-knd-project/master/chao_ontology.ttl#Region",
  "@type" : [ "http://www.w3.org/2002/07/owl#Class" ],
  "http://www.w3.org/2000/01/rdf-schema#subClassOf" : [ {
    "@id" : "http://schema.org/AdministrativeArea"
  } ]
}, {
  "@id" : "https://raw.githubusercontent.com/tannineo/cs7is1-knd-project/master/chao_ontology.ttl#areaOfCity",
  "@type" : [ "http://www.w3.org/2002/07/owl#DatatypeProperty" ],
  "http://www.w3.org/2000/01/rdf-schema#domain" : [ {
    "@id" : "http://schema.org/Park"
  } ],
  "http://www.w3.org/2000/01/rdf-schema#range" : [ {
    "@id" : "http://www.w3.org/2001/XMLSchema#string"
  } ],
  "http://www.w3.org/2000/01/rdf-schema#subPropertyOf" : [ {
    "@id" : "http://www.w3.org/2002/07/owl#topDataProperty"
  } ]
}, {
  "@id" : "https://raw.githubusercontent.com/tannineo/cs7is1-knd-project/master/chao_ontology.ttl#description",
  "@type" : [ "http://www.w3.org/2002/07/owl#DatatypeProperty" ],
  "http://www.w3.org/2000/01/rdf-schema#domain" : [ {
    "@id" : "http://schema.org/Park"
  } ],
  "http://www.w3.org/2000/01/rdf-schema#range" : [ {
    "@id" : "http://www.w3.org/2001/XMLSchema#string"
  } ],
  "http://www.w3.org/2000/01/rdf-schema#subPropertyOf" : [ {
    "@id" : "http://www.w3.org/2002/07/owl#topDataProperty"
  } ]
}, {
  "@id" : "https://raw.githubusercontent.com/tannineo/cs7is1-knd-project/master/chao_ontology.ttl#equipment",
  "@type" : [ "http://www.w3.org/2002/07/owl#DatatypeProperty" ],
  "http://www.w3.org/2000/01/rdf-schema#domain" : [ {
    "@id" : "http://schema.org/Playground"
  } ],
  "http://www.w3.org/2000/01/rdf-schema#range" : [ {
    "@id" : "http://www.w3.org/2001/XMLSchema#string"
  } ],
  "http://www.w3.org/2000/01/rdf-schema#subPropertyOf" : [ {
    "@id" : "http://www.w3.org/2002/07/owl#topDataProperty"
  } ]
}, {
  "@id" : "https://raw.githubusercontent.com/tannineo/cs7is1-knd-project/master/chao_ontology.ttl#facilities",
  "@type" : [ "http://www.w3.org/2002/07/owl#DatatypeProperty" ],
  "http://www.w3.org/2000/01/rdf-schema#domain" : [ {
    "@id" : "http://schema.org/Park"
  } ],
  "http://www.w3.org/2000/01/rdf-schema#range" : [ {
    "@id" : "http://www.w3.org/2001/XMLSchema#string"
  } ],
  "http://www.w3.org/2000/01/rdf-schema#subPropertyOf" : [ {
    "@id" : "http://www.w3.org/2002/07/owl#topDataProperty"
  } ]
}, {
  "@id" : "https://raw.githubusercontent.com/tannineo/cs7is1-knd-project/master/chao_ontology.ttl#locationR",
  "@type" : [ "http://www.w3.org/2002/07/owl#ObjectProperty" ],
  "http://www.w3.org/2000/01/rdf-schema#domain" : [ {
    "@id" : "https://raw.githubusercontent.com/tannineo/cs7is1-knd-project/master/chao_ontology.ttl#Activity"
  } ],
  "http://www.w3.org/2000/01/rdf-schema#range" : [ {
    "@id" : "https://raw.githubusercontent.com/tannineo/cs7is1-knd-project/master/chao_ontology.ttl#Region"
  } ],
  "http://www.w3.org/2000/01/rdf-schema#subPropertyOf" : [ {
    "@id" : "http://www.w3.org/2002/07/owl#topObjectProperty"
  } ],
  "http://www.w3.org/2002/07/owl#inverseOf" : [ {
    "@id" : "http://schema.org/containsPlace"
  } ]
}, {
  "@id" : "https://raw.githubusercontent.com/tannineo/cs7is1-knd-project/master/chao_ontology.ttl#otherPitch",
  "@type" : [ "http://www.w3.org/2002/07/owl#ObjectProperty", "http://www.w3.org/2002/07/owl#SymmetricProperty" ],
  "http://www.w3.org/2000/01/rdf-schema#domain" : [ {
    "@id" : "https://raw.githubusercontent.com/tannineo/cs7is1-knd-project/master/chao_ontology.ttl#Pitch"
  } ],
  "http://www.w3.org/2000/01/rdf-schema#range" : [ {
    "@id" : "https://raw.githubusercontent.com/tannineo/cs7is1-knd-project/master/chao_ontology.ttl#Pitch"
  } ],
  "http://www.w3.org/2000/01/rdf-schema#subPropertyOf" : [ {
    "@id" : "http://www.w3.org/2002/07/owl#topObjectProperty"
  } ]
}, {
  "@id" : "https://raw.githubusercontent.com/tannineo/cs7is1-knd-project/master/chao_ontology.ttl#parkName",
  "@type" : [ "http://www.w3.org/2002/07/owl#DatatypeProperty" ],
  "http://www.w3.org/2000/01/rdf-schema#domain" : [ {
    "@id" : "https://raw.githubusercontent.com/tannineo/cs7is1-knd-project/master/chao_ontology.ttl#Pitch"
  } ],
  "http://www.w3.org/2000/01/rdf-schema#range" : [ {
    "@id" : "http://www.w3.org/2001/XMLSchema#string"
  } ],
  "http://www.w3.org/2000/01/rdf-schema#subPropertyOf" : [ {
    "@id" : "http://www.w3.org/2002/07/owl#topDataProperty"
  } ]
}, {
  "@id" : "https://raw.githubusercontent.com/tannineo/cs7is1-knd-project/master/chao_ontology.ttl#pitchType",
  "@type" : [ "http://www.w3.org/2002/07/owl#DatatypeProperty" ],
  "http://www.w3.org/2000/01/rdf-schema#domain" : [ {
    "@id" : "https://raw.githubusercontent.com/tannineo/cs7is1-knd-project/master/chao_ontology.ttl#Pitch"
  } ],
  "http://www.w3.org/2000/01/rdf-schema#range" : [ {
    "@id" : "http://www.w3.org/2001/XMLSchema#string"
  } ],
  "http://www.w3.org/2000/01/rdf-schema#subPropertyOf" : [ {
    "@id" : "http://www.w3.org/2002/07/owl#topDataProperty"
  } ]
}, {
  "@id" : "https://raw.githubusercontent.com/tannineo/cs7is1-knd-project/master/chao_ontology.ttl#speciannee",
  "@type" : [ "http://www.w3.org/2002/07/owl#DatatypeProperty" ],
  "http://www.w3.org/2000/01/rdf-schema#domain" : [ {
    "@id" : "http://schema.org/Playground"
  } ],
  "http://www.w3.org/2000/01/rdf-schema#range" : [ {
    "@id" : "http://www.w3.org/2001/XMLSchema#string"
  } ],
  "http://www.w3.org/2000/01/rdf-schema#subPropertyOf" : [ {
    "@id" : "http://www.w3.org/2002/07/owl#topDataProperty"
  } ]
}, {
  "@id" : "https://raw.githubusercontent.com/tannineo/cs7is1-knd-project/master/chao_ontology.ttl#surface",
  "@type" : [ "http://www.w3.org/2002/07/owl#DatatypeProperty" ],
  "http://www.w3.org/2000/01/rdf-schema#domain" : [ {
    "@id" : "http://schema.org/Playground"
  } ],
  "http://www.w3.org/2000/01/rdf-schema#range" : [ {
    "@id" : "http://www.w3.org/2001/XMLSchema#string"
  } ],
  "http://www.w3.org/2000/01/rdf-schema#subPropertyOf" : [ {
    "@id" : "http://www.w3.org/2002/07/owl#topDataProperty"
  } ]
}, {
  "@id" : "https://raw.githubusercontent.com/tannineo/cs7is1-knd-project/master/chao_ontology.ttl#toilet",
  "@type" : [ "http://www.w3.org/2002/07/owl#DatatypeProperty" ],
  "http://www.w3.org/2000/01/rdf-schema#domain" : [ {
    "@id" : "http://schema.org/Playground"
  } ],
  "http://www.w3.org/2000/01/rdf-schema#range" : [ {
    "@id" : "http://www.w3.org/2001/XMLSchema#string"
  } ],
  "http://www.w3.org/2000/01/rdf-schema#subPropertyOf" : [ {
    "@id" : "http://www.w3.org/2002/07/owl#topDataProperty"
  } ]
} ]