<?xml version="1.0"?>
<rdf:RDF xmlns="https://raw.githubusercontent.com/tannineo/cs7is1-knd-project/master/chao_ontology.ttl#"
     xml:base="https://raw.githubusercontent.com/tannineo/cs7is1-knd-project/master/chao_ontology.ttl"
     xmlns:owl="http://www.w3.org/2002/07/owl#"
     xmlns:rdf="http://www.w3.org/1999/02/22-rdf-syntax-ns#"
     xmlns:xml="http://www.w3.org/XML/1998/namespace"
     xmlns:xsd="http://www.w3.org/2001/XMLSchema#"
     xmlns:rdfs="http://www.w3.org/2000/01/rdf-schema#">
    <owl:Ontology rdf:about="https://raw.githubusercontent.com/tannineo/cs7is1-knd-project/master/chao_ontology.ttl#">
        <rdfs:comment>The group project of CS7IS1 Knowledge and Data Engineering</rdfs:comment>
    </owl:Ontology>
    


    <!-- 
    ///////////////////////////////////////////////////////////////////////////////////////
    //
    // Object Properties
    //
    ///////////////////////////////////////////////////////////////////////////////////////
     -->


    


    <!-- http://schema.org/containsPlace -->


    <owl:ObjectProperty rdf:about="http://schema.org/containsPlace">
        <rdfs:subPropertyOf rdf:resource="http://www.w3.org/2002/07/owl#topObjectProperty"/>
        <rdf:type rdf:resource="http://www.w3.org/2002/07/owl#TransitiveProperty"/>
        <rdfs:domain rdf:resource="http://schema.org/Place"/>
        <rdfs:range rdf:resource="http://schema.org/Place"/>
    </owl:ObjectProperty>
    


    <!-- http://schema.org/geo -->


    <owl:ObjectProperty rdf:about="http://schema.org/geo">
        <rdfs:subPropertyOf rdf:resource="http://www.w3.org/2002/07/owl#topObjectProperty"/>
        <rdfs:domain rdf:resource="http://schema.org/Place"/>
        <rdfs:range rdf:resource="http://schema.org/GeoCoordinates"/>
    </owl:ObjectProperty>
    


    <!-- https://raw.githubusercontent.com/tannineo/cs7is1-knd-project/master/chao_ontology.ttl#locationR -->


    <owl:ObjectProperty rdf:about="https://raw.githubusercontent.com/tannineo/cs7is1-knd-project/master/chao_ontology.ttl#locationR">
        <rdfs:subPropertyOf rdf:resource="http://www.w3.org/2002/07/owl#topObjectProperty"/>
        <owl:inverseOf rdf:resource="http://schema.org/containsPlace"/>
        <rdfs:domain rdf:resource="https://raw.githubusercontent.com/tannineo/cs7is1-knd-project/master/chao_ontology.ttl#Activity"/>
        <rdfs:range rdf:resource="https://raw.githubusercontent.com/tannineo/cs7is1-knd-project/master/chao_ontology.ttl#Region"/>
    </owl:ObjectProperty>
    


    <!-- https://raw.githubusercontent.com/tannineo/cs7is1-knd-project/master/chao_ontology.ttl#otherPitch -->


    <owl:ObjectProperty rdf:about="https://raw.githubusercontent.com/tannineo/cs7is1-knd-project/master/chao_ontology.ttl#otherPitch">
        <rdfs:subPropertyOf rdf:resource="http://www.w3.org/2002/07/owl#topObjectProperty"/>
        <rdf:type rdf:resource="http://www.w3.org/2002/07/owl#SymmetricProperty"/>
        <rdfs:domain rdf:resource="https://raw.githubusercontent.com/tannineo/cs7is1-knd-project/master/chao_ontology.ttl#Pitch"/>
        <rdfs:range rdf:resource="https://raw.githubusercontent.com/tannineo/cs7is1-knd-project/master/chao_ontology.ttl#Pitch"/>
    </owl:ObjectProperty>
    


    <!-- 
    ///////////////////////////////////////////////////////////////////////////////////////
    //
    // Data properties
    //
    ///////////////////////////////////////////////////////////////////////////////////////
     -->


    


    <!-- http://schema.org/address -->


    <owl:DatatypeProperty rdf:about="http://schema.org/address">
        <rdfs:subPropertyOf rdf:resource="http://www.w3.org/2002/07/owl#topDataProperty"/>
        <rdfs:domain rdf:resource="http://schema.org/Place"/>
        <rdfs:range rdf:resource="http://www.w3.org/2001/XMLSchema#string"/>
    </owl:DatatypeProperty>
    


    <!-- http://schema.org/identifier -->


    <owl:DatatypeProperty rdf:about="http://schema.org/identifier">
        <rdfs:subPropertyOf rdf:resource="http://www.w3.org/2002/07/owl#topDataProperty"/>
        <rdfs:domain rdf:resource="http://schema.org/Place"/>
        <rdfs:range rdf:resource="http://www.w3.org/2001/XMLSchema#int"/>
    </owl:DatatypeProperty>
    


    <!-- http://schema.org/latitude -->


    <owl:DatatypeProperty rdf:about="http://schema.org/latitude">
        <rdfs:subPropertyOf rdf:resource="http://www.w3.org/2002/07/owl#topDataProperty"/>
        <rdfs:domain rdf:resource="http://schema.org/GeoCoordinates"/>
        <rdfs:range rdf:resource="http://www.w3.org/2001/XMLSchema#float"/>
    </owl:DatatypeProperty>
    


    <!-- http://schema.org/longitude -->


    <owl:DatatypeProperty rdf:about="http://schema.org/longitude">
        <rdfs:subPropertyOf rdf:resource="http://www.w3.org/2002/07/owl#topDataProperty"/>
        <rdfs:domain rdf:resource="http://schema.org/GeoCoordinates"/>
        <rdfs:range rdf:resource="http://www.w3.org/2001/XMLSchema#float"/>
    </owl:DatatypeProperty>
    


    <!-- http://schema.org/name -->


    <owl:DatatypeProperty rdf:about="http://schema.org/name">
        <rdfs:subPropertyOf rdf:resource="http://www.w3.org/2002/07/owl#topDataProperty"/>
        <rdfs:domain rdf:resource="http://schema.org/Thing"/>
        <rdfs:range rdf:resource="http://www.w3.org/2001/XMLSchema#string"/>
    </owl:DatatypeProperty>
    


    <!-- http://schema.org/openingHours -->


    <owl:DatatypeProperty rdf:about="http://schema.org/openingHours">
        <rdfs:subPropertyOf rdf:resource="http://www.w3.org/2002/07/owl#topDataProperty"/>
        <rdfs:domain rdf:resource="http://schema.org/CivicStructure"/>
        <rdfs:range rdf:resource="http://www.w3.org/2001/XMLSchema#string"/>
    </owl:DatatypeProperty>
    


    <!-- http://schema.org/telephone -->


    <owl:DatatypeProperty rdf:about="http://schema.org/telephone">
        <rdfs:subPropertyOf rdf:resource="http://www.w3.org/2002/07/owl#topDataProperty"/>
        <rdfs:domain rdf:resource="http://schema.org/Place"/>
        <rdfs:range rdf:resource="http://www.w3.org/2001/XMLSchema#string"/>
    </owl:DatatypeProperty>
    


    <!-- http://schema.org/url -->


    <owl:DatatypeProperty rdf:about="http://schema.org/url">
        <rdfs:subPropertyOf rdf:resource="http://www.w3.org/2002/07/owl#topDataProperty"/>
        <rdfs:domain rdf:resource="http://schema.org/Thing"/>
        <rdfs:range rdf:resource="http://www.w3.org/2001/XMLSchema#string"/>
    </owl:DatatypeProperty>
    


    <!-- https://raw.githubusercontent.com/tannineo/cs7is1-knd-project/master/chao_ontology.ttl#areaOfCity -->


    <owl:DatatypeProperty rdf:about="https://raw.githubusercontent.com/tannineo/cs7is1-knd-project/master/chao_ontology.ttl#areaOfCity">
        <rdfs:subPropertyOf rdf:resource="http://www.w3.org/2002/07/owl#topDataProperty"/>
        <rdfs:domain rdf:resource="http://schema.org/Park"/>
        <rdfs:range rdf:resource="http://www.w3.org/2001/XMLSchema#string"/>
    </owl:DatatypeProperty>
    


    <!-- https://raw.githubusercontent.com/tannineo/cs7is1-knd-project/master/chao_ontology.ttl#description -->


    <owl:DatatypeProperty rdf:about="https://raw.githubusercontent.com/tannineo/cs7is1-knd-project/master/chao_ontology.ttl#description">
        <rdfs:subPropertyOf rdf:resource="http://www.w3.org/2002/07/owl#topDataProperty"/>
        <rdfs:domain rdf:resource="http://schema.org/Park"/>
        <rdfs:range rdf:resource="http://www.w3.org/2001/XMLSchema#string"/>
    </owl:DatatypeProperty>
    


    <!-- https://raw.githubusercontent.com/tannineo/cs7is1-knd-project/master/chao_ontology.ttl#equipment -->


    <owl:DatatypeProperty rdf:about="https://raw.githubusercontent.com/tannineo/cs7is1-knd-project/master/chao_ontology.ttl#equipment">
        <rdfs:subPropertyOf rdf:resource="http://www.w3.org/2002/07/owl#topDataProperty"/>
        <rdfs:domain rdf:resource="http://schema.org/Playground"/>
        <rdfs:range rdf:resource="http://www.w3.org/2001/XMLSchema#string"/>
    </owl:DatatypeProperty>
    


    <!-- https://raw.githubusercontent.com/tannineo/cs7is1-knd-project/master/chao_ontology.ttl#facilities -->


    <owl:DatatypeProperty rdf:about="https://raw.githubusercontent.com/tannineo/cs7is1-knd-project/master/chao_ontology.ttl#facilities">
        <rdfs:subPropertyOf rdf:resource="http://www.w3.org/2002/07/owl#topDataProperty"/>
        <rdfs:domain rdf:resource="http://schema.org/Park"/>
        <rdfs:range rdf:resource="http://www.w3.org/2001/XMLSchema#string"/>
    </owl:DatatypeProperty>
    


    <!-- https://raw.githubusercontent.com/tannineo/cs7is1-knd-project/master/chao_ontology.ttl#parkName -->


    <owl:DatatypeProperty rdf:about="https://raw.githubusercontent.com/tannineo/cs7is1-knd-project/master/chao_ontology.ttl#parkName">
        <rdfs:subPropertyOf rdf:resource="http://www.w3.org/2002/07/owl#topDataProperty"/>
        <rdfs:domain rdf:resource="https://raw.githubusercontent.com/tannineo/cs7is1-knd-project/master/chao_ontology.ttl#Pitch"/>
        <rdfs:range rdf:resource="http://www.w3.org/2001/XMLSchema#string"/>
    </owl:DatatypeProperty>
    


    <!-- https://raw.githubusercontent.com/tannineo/cs7is1-knd-project/master/chao_ontology.ttl#pitchType -->


    <owl:DatatypeProperty rdf:about="https://raw.githubusercontent.com/tannineo/cs7is1-knd-project/master/chao_ontology.ttl#pitchType">
        <rdfs:subPropertyOf rdf:resource="http://www.w3.org/2002/07/owl#topDataProperty"/>
        <rdfs:domain rdf:resource="https://raw.githubusercontent.com/tannineo/cs7is1-knd-project/master/chao_ontology.ttl#Pitch"/>
        <rdfs:range rdf:resource="http://www.w3.org/2001/XMLSchema#string"/>
    </owl:DatatypeProperty>
    


    <!-- https://raw.githubusercontent.com/tannineo/cs7is1-knd-project/master/chao_ontology.ttl#speciannee -->


    <owl:DatatypeProperty rdf:about="https://raw.githubusercontent.com/tannineo/cs7is1-knd-project/master/chao_ontology.ttl#speciannee">
        <rdfs:subPropertyOf rdf:resource="http://www.w3.org/2002/07/owl#topDataProperty"/>
        <rdfs:domain rdf:resource="http://schema.org/Playground"/>
        <rdfs:range rdf:resource="http://www.w3.org/2001/XMLSchema#string"/>
    </owl:DatatypeProperty>
    


    <!-- https://raw.githubusercontent.com/tannineo/cs7is1-knd-project/master/chao_ontology.ttl#surface -->


    <owl:DatatypeProperty rdf:about="https://raw.githubusercontent.com/tannineo/cs7is1-knd-project/master/chao_ontology.ttl#surface">
        <rdfs:subPropertyOf rdf:resource="http://www.w3.org/2002/07/owl#topDataProperty"/>
        <rdfs:domain rdf:resource="http://schema.org/Playground"/>
        <rdfs:range rdf:resource="http://www.w3.org/2001/XMLSchema#string"/>
    </owl:DatatypeProperty>
    


    <!-- https://raw.githubusercontent.com/tannineo/cs7is1-knd-project/master/chao_ontology.ttl#toilet -->


    <owl:DatatypeProperty rdf:about="https://raw.githubusercontent.com/tannineo/cs7is1-knd-project/master/chao_ontology.ttl#toilet">
        <rdfs:subPropertyOf rdf:resource="http://www.w3.org/2002/07/owl#topDataProperty"/>
        <rdfs:domain rdf:resource="http://schema.org/Playground"/>
        <rdfs:range rdf:resource="http://www.w3.org/2001/XMLSchema#string"/>
    </owl:DatatypeProperty>
    


    <!-- 
    ///////////////////////////////////////////////////////////////////////////////////////
    //
    // Classes
    //
    ///////////////////////////////////////////////////////////////////////////////////////
     -->


    


    <!-- http://schema.org/AdministrativeArea -->


    <owl:Class rdf:about="http://schema.org/AdministrativeArea">
        <rdfs:subClassOf rdf:resource="http://schema.org/Place"/>
    </owl:Class>
    


    <!-- http://schema.org/BarOrPub -->


    <owl:Class rdf:about="http://schema.org/BarOrPub">
        <rdfs:subClassOf rdf:resource="http://schema.org/FoodEstablishment"/>
        <rdfs:subClassOf rdf:resource="https://raw.githubusercontent.com/tannineo/cs7is1-knd-project/master/chao_ontology.ttl#Activity"/>
        <owl:disjointWith rdf:resource="http://schema.org/GolfCourse"/>
    </owl:Class>
    


    <!-- http://schema.org/CivicStructure -->


    <owl:Class rdf:about="http://schema.org/CivicStructure">
        <rdfs:subClassOf rdf:resource="http://schema.org/Place"/>
    </owl:Class>
    


    <!-- http://schema.org/Country -->


    <owl:Class rdf:about="http://schema.org/Country">
        <rdfs:subClassOf rdf:resource="http://schema.org/AdministrativeArea"/>
    </owl:Class>
    


    <!-- http://schema.org/FoodEstablishment -->


    <owl:Class rdf:about="http://schema.org/FoodEstablishment">
        <rdfs:subClassOf rdf:resource="http://schema.org/LocalBusiness"/>
    </owl:Class>
    


    <!-- http://schema.org/GeoCoordinates -->


    <owl:Class rdf:about="http://schema.org/GeoCoordinates">
        <rdfs:subClassOf rdf:resource="http://schema.org/StructuredValue"/>
    </owl:Class>
    


    <!-- http://schema.org/GolfCourse -->


    <owl:Class rdf:about="http://schema.org/GolfCourse">
        <rdfs:subClassOf rdf:resource="http://schema.org/SportsActivityLocation"/>
        <rdfs:subClassOf rdf:resource="https://raw.githubusercontent.com/tannineo/cs7is1-knd-project/master/chao_ontology.ttl#Activity"/>
        <owl:disjointWith rdf:resource="http://schema.org/Restaurant"/>
    </owl:Class>
    


    <!-- http://schema.org/Intangible -->


    <owl:Class rdf:about="http://schema.org/Intangible">
        <rdfs:subClassOf rdf:resource="http://schema.org/Thing"/>
    </owl:Class>
    


    <!-- http://schema.org/LocalBusiness -->


    <owl:Class rdf:about="http://schema.org/LocalBusiness">
        <rdfs:subClassOf rdf:resource="http://schema.org/Place"/>
    </owl:Class>
    


    <!-- http://schema.org/Park -->


    <owl:Class rdf:about="http://schema.org/Park">
        <rdfs:subClassOf rdf:resource="http://schema.org/CivicStructure"/>
        <owl:disjointWith rdf:resource="http://schema.org/Playground"/>
        <owl:disjointWith rdf:resource="https://raw.githubusercontent.com/tannineo/cs7is1-knd-project/master/chao_ontology.ttl#Pitch"/>
    </owl:Class>
    


    <!-- http://schema.org/ParkingFacility -->


    <owl:Class rdf:about="http://schema.org/ParkingFacility">
        <rdfs:subClassOf rdf:resource="http://schema.org/CivicStructure"/>
    </owl:Class>
    


    <!-- http://schema.org/Place -->


    <owl:Class rdf:about="http://schema.org/Place">
        <rdfs:subClassOf rdf:resource="http://schema.org/Thing"/>
    </owl:Class>
    


    <!-- http://schema.org/Playground -->


    <owl:Class rdf:about="http://schema.org/Playground">
        <rdfs:subClassOf rdf:resource="http://schema.org/CivicStructure"/>
        <owl:disjointWith rdf:resource="https://raw.githubusercontent.com/tannineo/cs7is1-knd-project/master/chao_ontology.ttl#Pitch"/>
    </owl:Class>
    


    <!-- http://schema.org/Restaurant -->


    <owl:Class rdf:about="http://schema.org/Restaurant">
        <rdfs:subClassOf rdf:resource="http://schema.org/FoodEstablishment"/>
        <rdfs:subClassOf rdf:resource="https://raw.githubusercontent.com/tannineo/cs7is1-knd-project/master/chao_ontology.ttl#Activity"/>
    </owl:Class>
    


    <!-- http://schema.org/SportsActivityLocation -->


    <owl:Class rdf:about="http://schema.org/SportsActivityLocation">
        <rdfs:subClassOf rdf:resource="http://schema.org/LocalBusiness"/>
    </owl:Class>
    


    <!-- http://schema.org/StructuredValue -->


    <owl:Class rdf:about="http://schema.org/StructuredValue">
        <rdfs:subClassOf rdf:resource="http://schema.org/Intangible"/>
    </owl:Class>
    


    <!-- http://schema.org/Thing -->


    <owl:Class rdf:about="http://schema.org/Thing">
        <rdfs:subClassOf rdf:resource="http://www.w3.org/2002/07/owl#Thing"/>
    </owl:Class>
    


    <!-- https://raw.githubusercontent.com/tannineo/cs7is1-knd-project/master/chao_ontology.ttl#Activity -->


    <owl:Class rdf:about="https://raw.githubusercontent.com/tannineo/cs7is1-knd-project/master/chao_ontology.ttl#Activity">
        <rdfs:subClassOf rdf:resource="http://schema.org/Place"/>
    </owl:Class>
    


    <!-- https://raw.githubusercontent.com/tannineo/cs7is1-knd-project/master/chao_ontology.ttl#County -->


    <owl:Class rdf:about="https://raw.githubusercontent.com/tannineo/cs7is1-knd-project/master/chao_ontology.ttl#County">
        <rdfs:subClassOf rdf:resource="http://schema.org/AdministrativeArea"/>
    </owl:Class>
    


    <!-- https://raw.githubusercontent.com/tannineo/cs7is1-knd-project/master/chao_ontology.ttl#Pitch -->


    <owl:Class rdf:about="https://raw.githubusercontent.com/tannineo/cs7is1-knd-project/master/chao_ontology.ttl#Pitch">
        <rdfs:subClassOf rdf:resource="http://schema.org/CivicStructure"/>
    </owl:Class>
    


    <!-- https://raw.githubusercontent.com/tannineo/cs7is1-knd-project/master/chao_ontology.ttl#Region -->


    <owl:Class rdf:about="https://raw.githubusercontent.com/tannineo/cs7is1-knd-project/master/chao_ontology.ttl#Region">
        <rdfs:subClassOf rdf:resource="http://schema.org/AdministrativeArea"/>
    </owl:Class>
</rdf:RDF>



<!-- Generated by the OWL API (version 5.1.11) https://github.com/owlcs/owlapi/ -->


